Workbook

Sheet หัวข้อประเมิน
B1: แบบประเมินธุรกิจแบบ LEAN
B3: หัวข้อหลัก | C3: รายละเอียด | D3: 1 | E3: 2 | F3: 3 | G3: 4 | H3: 5 | I3: ค่าคะแนน | N3: คะแนนสรุป
I4: 1 | J4: 2 | K4: 3 | L4: 4 | M4: 5
B5: นโยบายและการสื่อสารนโยบาย (Communication and Cultural Awareness) | C5: 1) วิสัยทัศน์และแผนการ | D5: ● ไม่มีเป้าหมายระยะยาว 3-5 ปีสำหรับบริษัท | E5: ● มีเป้าหมายระยะสั้น ไม่มีเป้าหมายระยะกลางและไม่มีเป้าหมายระยะยาว | F5: ● มีเป้าหมายระยะสั้น มีเป้าหมายระยะกลางและไม่มีเป้าหมายระยะยาว | G5: ● มีเป้าหมายระยะสั้น มีเป้าหมายระยะกลางและมีเป้าหมายระยะยาว | H5: ● มีเป้าหมายระยะสั้น กลาง ยาวและแผนงานระยะยาวแสดงถึงความท้าทายในการยกระดับสู่ระดับโลก | K5: 3
C6: 2) การแปลงนโยบายสู่การปฏิบัติ | D6: ● ไม่พบการกระจายนโยบาย | E6: ● นโยบายของผู้จัดการโรงงาน รับทราบโดยผู้จัดการแผนกทุกแผนก | F6: ● นโยบายและวัตถุประสงค์ได้รับรู้และได้รับการสนับสนุนจากผู้จัดการและหัวหน้าทุกคน | G6: ● พนักงานทุกคนเข้าใจบทบาทและสามารถอธิบายบทบาทของตัวเองได้ในการขานรับนโยบายของผู้จัดการโรงงาน ● พนักงานสามารถบอกความแตกต่างระหว่างสภาพปัจจุบันและสิ่งที่กำลังจะเกิดขึ้นได้ | H6: ● พนักงานหน้างานสามารถระบุจุดที่ต้องปรับปรุงเพื่อให้ได้ตามนโยบาย ● มีกิจกรรมที่เป็นรูปธรรมจับต้องได้ | K6: 3
C7: 3) นโยบายหรือกลยุทธ์ระบบลีน | D7: ● องค์กรไม่มีกลยุทธ์หรือนโยบายระบบลีน ● ไม่มีบุคลากรที่รับผิดชอบระบบลีน | E7: ● องค์กรมีกลยุทธ์หรือนโยบายระบบลีน ● ไม่มีบุคลากรที่รับผิดชอบระบบลีนโดยตรง | F7: ● องค์กรมีกลยุทธ์หรือนโยบายระบบลีน ● มีบุคลากรที่รับผิดชอบระบบลีนโดยตรง | G7: ● องค์กรมีกลยุทธ์หรือนโยบายระบบลีน ● มีบุคลากรที่รับผิดชอบระบบลีนโดยตรงและมีผู้รับผิดชอบในแต่ละแผนก | H7: ● มีระดับ 4 ● มีการกำหนดตัวชี้วัด ● มีการทบทวนนโยบายอย่างสม่ำเสมอ | I7: 1
C8: 4) การประเมินความพึงพอใจของพนักงาน (employee satisfaction) | D8: ● ไม่มีการประเมินความพึงพอใจ | E8: ● มีการประเมินความพึงพอใจได้คะแนนไม่เกิน 74% | F8: ● มีการประเมินความพึงพอใจได้คะแนน 75-84% | G8: ● มีการประเมินความพึงพอใจได้คะแนน 85-95% | H8: ● มีการประเมินความพึงพอใจคะแนนมากกว่า 95% | J8: 2
C9: 5) การสร้างความเข้าใจในการค้นหา และขจัดความสูญเสียทั่วทั้งองค์กร เช่น 8 Wastes | D9: ● พนักงานหน้างานไม่รู้จักความสูญเปล่า | E9: ● พนักงานหน้างานรู้จักความสูญเปล่าบางหัวข้อ | F9: ● พนักงานหน้างานรู้จักความสูญเปล่าทุกหัวข้อ | G9: ● พนักงานหน้างานรู้จักความสูญเปล่าทุกหัวข้อ ● พนักงานหน้างานค้นหาความสูญเปล่าเป็น | H9: ● มีระดับ 4 ● พนักงานหน้างานสามารถปรับปรุงแก้ไขได้ มีโครงการที่ทำเป็นรูปธรรม | I9: 1 | N9: =SUM(I5:M9)/5 -> 2
B10: คุณค่า VALUE | C10: 6. รายได้ | D10: ● ไม่เติบโต | E10: ● โตขึ้นปีละ 0.1-10 % | F10: ● โตขึ้นปีละ 10.01-20 % | G10: ● โตขึ้นปีละ 20.01-30 % | H10: ● โตขึ้นมากกว่า 30% | M10: 5
C11: 7. มีผลิตภัณฑ์หรือบริการใหม่ | D11: ● มีผลิตภัณฑ์หรือบริการใหม่เฉลี่ยมากกว่า 3 ปี ต่อ 1 ผลิตภัณฑ์ | E11: ● มีผลิตภัณฑ์หรือบริการใหม่เฉลี่ย 2 ปี ต่อ 1 ผลิตภัณฑ์ | F11: ● มีผลิตภัณฑ์หรือบริการใหม่เฉลี่ย ปีละ 1 ผลิตภัณฑ์ | G11: ● มีผลิตภัณฑ์หรือบริการใหม่เฉลี่ย 6 เดือนต่อ 1 ผลิตภัณฑ์ | H11: ● มีผลิตภัณฑ์หรือบริการใหม่เฉลี่ย 3 เดือนต่อ 1 ผลิตภัณฑ์ | M11: 5 | N11: =SUM(I10:M11)/2 -> 5
B12: การควบคุมด้วยการมอง(5S,VC)และการจัดการสถานที่ทำงาน | C12: 8) ระบบ 5ส | D12: ● ทำระบบ 5 ส โดยการปัด กวาด เช็ด ถู | E12: ● ทำระบบ 5 ส โดยทำเฉพาะ ส1 ,ส2 ,ส3 ● ไม่เป็นรูปธรรมที่จับต้องได้ | F12: ● ทำระบบ 5 ส โดยทำเฉพาะ ส1 ,ส2 ,ส3 ● เป็นรูปธรรมที่จับต้องได้ | G12: ● ทำระบบ 5 ส โดยทำเฉพาะ ส1 ,ส2 ,ส3 ,ส4 ● เป็นรูปธรรมที่จับต้องได้ | H12: ● ทำระบบ 5 ส โดยทำเฉพาะ ส1 ,ส2 ,ส3 ,ส4 ,ส5 ● เป็นรูปธรรมที่จับต้องได้ ทำทุกคน ทุกที่ | I12: 1
C13: 9) Visual Control ,Visual Management | D13: ● ไม่มีบอร์ด Control | E13: ● มีบอร์ด Control ที่สำนักงานแต่ไม่มีที่หน้างาน | F13: ● มีบอร์ด Control ที่สำนักงาน และมีที่หน้างาน | G13: ● มีบอร์ด Control ที่สำนักงาน และมีที่หน้างาน ● บอร์ด Control มีการบันทึก ข้อมูลเป็นปัจจุบัน | H13: ● มีข้อ 4 ● และมีข้อมูลครบถ้วน เช่น นโยบายผู้บริหาร โครงสร้างแผนกกิจรรมแผนกที่ทำ KPI Skills matrix เป็นต้น | L13: 4 | N13: =SUM(I12:M13)/2 -> 2.5
B14: มาตรฐานในการทำงาน (Standard Work) | C14: 10) มาตรฐานการทำงาน SOP | D14: ● ไม่มีมาตรฐานการทำงาน | E14: ● มีมาตรฐานการทำงานแต่ไม่ได้ทำเป็นเอกสาร | F14: ● มีมาตรฐานการทำงานและทำเป็นเอกสาร | G14: ● มีมาตรฐานการทำงานและทำเป็นเอกสารติดที่หน้างานให้พนักงานสามารถมองเห็น | H14: ● มีข้อ 4 ● และมีปรับปรุงเอกสารกับการทำงานให้เป็นปัจจุบัน มีการอบรมมาตรฐานการทำงานอย่างสม่ำเสมอ | J14: 2
C15: 11) เวลามาตรฐาน(Stand dard time) | D15: ● ไม่มีเวลามาตรฐานการทำงาน | E15: ● มีเวลามาตรฐานการทำงาน แต่เป็นเวลาจากการประมาณการ | F15: ● มีเวลามาตรฐานการทำงาน เป็นเวลามาตรฐานจากการจับเวลาการทำงานจริง | G15: ● มีข้อ 3 ● และนำมาใช้ในการวางแผนการทำงาน | H15: ● มีข้อ 4 ● และมีการปรับปรุงเวลามาตรฐาน อย่างน้อยปีละ 1 ครั้ง | I15: 1
C16: 12) TAKT time | D16: ● ไม่เข้าใจคำว่า TAKT time | E16: ● เข้าใจคำว่า TAKT time แต่ไม่ได้นำมาใช้ | F16: ● มีการคำนวณ (TAKT time) และนำมาใช้ในกระบวนการ ไม่สามารถปรับกระบวนการตาม TAKT time ได้ | G16: ● มีข้อ 3 ● และมีความยืดหยุ่น สามารถปรับเปลี่ยนสายการผลิตได้ตาม TAKT TIME และผลลัพธ์อาจจะไม่ได้ตามกำหนด | H16: ● มีข้อ 4 ● และมีความยืดหยุ่น สามารถปรับเปลี่ยนสายการผลิตได้ตาม TAKT TIME ได้ผลลัพธ์ตามที่กำหนด | I16: 1 | N16: =SUM(I14:M16)/3 -> 1.3333333
B17: การปรับปรุงอย่างต่อเนื่อง (Continuous Improvement) | C17: 13) ข้อเสนอแนะ (Kaizen Suggestion) | D17: ● ไม่มีข้อเสนอแนะการทำงานของพนักงาน | E17: ● มีข้อเสนอแนะการทำงานของพนักงานด้วยวาจา | F17: ● มีข้อเสนอแนะการทำงานของพนักงานด้วยเอกสาร | G17: ● มีข้อ 3 และมีการให้รางวัลกับผู้เสนอแนะ | H17: ● มีข้อ 4 และมีการปรับปรุงแก้ไขตามข้อเสนอแนะ | J17: 2
C18: 14) การปรับปรุงอย่างต่อเนื่อง Kaizen | D18: ● ไม่มีการทำ Kaizen | E18: ● มีการทำ Kaizen เฉพาะหัวหน้า | F18: ● มีการทำ Kaizen ในระดับหัวหน้าและเจ้าหน้าที่ | G18: ● มีการทำ Kaizen ในระดับหัวหน้า,เจ้าหน้าที่,พนักงานระดับหน้างานทุกคน | H18: ● มีระดับ 4 ● มีการประกวดและมีรางวัล | I18: 1
C19: 15) การประเมิน Value stream ของกระบวนการ | D19: ● ไม่มีการทำ Value stream | E19: ● มีการทำ Value stream บางกลุ่มผลิตภัณฑ์ | F19: ● มีการทำ Value stream ทุกกลุ่มผลิตภัณฑ์หลัก | G19: ● มีข้อ 3 ● และมีการปรับปรุงอย่างต่อเนื่อง | H19: ● มีข้อ 4 ● และมีติดไว้ที่บอร์ดหน้างาน | I19: 1 | N19: =SUM(I17:M19)/3 -> 1.3333333
B20: ความยืดหยุ่นของกระบวนการ (Operational Flexibility) | C20: 16)การปรับเปลี่ยนแผนการผลิต | D20: ● ปรับเปลี่ยนแผนได้ต้องแจ้งก่อน 7 วัน | E20: ● ปรับเปลี่ยนแผนได้ต้องแจ้งก่อน 5 วัน | F20: ● ปรับเปลี่ยนแผนได้ต้องแจ้งก่อน 3 วัน | G20: ● ปรับเปลี่ยนแผนได้ภายใน 2 วัน | H20: ● ปรับเปลี่ยนแผนได้ภายใน 1 วัน | M20: 5
C21: 17) Lay Out การผลิต | D21: ● วาง Lay Out ตามหน้าที่ | E21: ● วาง Lay Out ให้เป็น I Line | F21: ● วาง Lay Out ให้เป็น I Line หนึ่งคนทำงาน 2 หน้าที่ หรือคุมเครื่อง 2 เครื่อง | G21: ● วาง Lay Out ให้เป็น U Lineโดย 1 คน ทำงานมากกว่า 3-4 หน้าที่ หรือ คุมมากกว่า 3-4 เครื่อง | H21: ● วาง Lay Out ให้เป็น U Lineโดย 1 คน ทำงาน 5 หน้าที่ขึ้นไป หรือ คุม 5 เครื่องขึ้นไป | K21: 3
C22: 18) ไลน์การผลิต | D22: ● 1 ไลน์ ผลิตได้ 1 Product | E22: ● 1 ไลน์ ผลิตได้ 2-3 Product | F22: ● 1 ไลน์ ผลิตได้ 4-5 Product | G22: ● 1 ไลน์ ผลิตได้ 6-7 Product | H22: ● 1 ไลน์ ผลิตได้มากกว่า 7 Product | N22: =SUM(I20:M22)/3 -> 2.6666667
B23: การป้องกันความผิดพลาด (Mistake Proofing/Poka-Yoke) | C23: 19)การนำระบบป้องกันความผิดพลาดมาใช้งาน | D23: ● ไม่ได้นำหลักการป้องกันความผิดพลาดมาใช้ | E23: ● มีการนำหลักการป้องกันความผิดพลาดมาใช้บางจุด | F23: ● มีการนำหลักการป้องกันความผิดพลาดมาใช้ทุกพื้นที่ | G23: ● มีการนำหลักการป้องกันความผิดพลาดมาใช้ทุกพื้นที่ และมีการปรับปรุงเพิ่มขึ้นทุกปี | H23: ● มีการนำหลักการป้องกันความผิดพลาดมาใช้ทุกพื้นที่ และมีการปรับปรุงเพิ่มขึ้นทุก 6 เดือน | L23: 4 | N23: =SUM(I23:M23) -> 4
B24: การบำรุงรักษาแบบครบวงจร (TPM, Total Productive Maintenance) | C24: 20)แผนการทำ PM,AM | D24: ● ไม่มีแผน | E24: ● มีแผนบางเครื่องจักร ● แต่ไม่ได้ทำตามแผน | F24: ● มีแผนบางเครื่องจักร ● ทำตามแผน | G24: ● มีแผนทุกเครื่องจักร ● ไม่ทำตามแผน | H24: ● มีแผนทุกเครื่องจักร ● ทำตามแผน ● % Break down ลดลง | M24: 5
C25: 21) TPM, Total Productive Maintenance | D25: ● ไม่มีความรู้ TPM | E25: ● มีความรู้เฉพาะระดับหัวหน้าเท่านั้น ● ยังไม่ได้นำมาใช้งาน | F25: ● มีความรู้ทุกระดับแต่ไม่ได้นำมาใช้ | G25: ● มีความรู้ทุกระดับและนำมาใช้งานบางเสา | H25: ● มีความรู้ทุกระดับและนำมาใช้งานทุกเสา | N25: =SUM(I24:M25)/2 -> 2.5
B26: การปรับแต่งที่รวดเร็ว (SMED/Quick Changeover) | C26: 22) ความรู้ด้านการปรับแต่งที่รวดเร็ว | D26: ● พนักงานทุกระดับไม่มีความรู้ | E26: ● หัวหน้างานมีความรู้ ● เจ้าหน้าที่ไม่มีความรู้ ● พนักงานหน้างานไม่มีความรู้ | F26: ● หัวหน้างานมีความรู้ ● เจ้าหน้าที่มีความรู้ ● พนักงานหน้างานไม่มีความรู้ | G26: ● หัวหน้างานมีความรู้ ● เจ้าหน้าที่มีความรู้ ● พนักงานหน้างานมีความรู้ | H26: ● มีระดับ 4 ● สามารถนำความรู้มาใช้ในการทำงานที่เป็นรูปธรรมได้ | I26: 1
C27: 23) คู่มือขั้นตอนการปรับแต่ง | D27: ● ไม่มีคู่มือขั้นตอนการปรับแต่ง | E27: ● มีคู่มือขั้นตอนการปรับแต่งบางเครื่อง | F27: ● มีคู่มือขั้นตอนการปรับแต่งทุกเครื่อง | G27: ● มีข้อ 3 ● และคู่มืออยู่หน้างานพนักงานหน้างานสามารถมองเห็นได้ | H27: ● มีข้อ 4 ● คู่มือมีการปรับปรุงอย่างน้อยปีละ 1 ครั้ง | J27: 2
C28: 24) Set Up เครื่องจักร | D28: ● ใช้เวลามากกว่า 121 นาที | E28: ● ใช้เวลา 61-120 นาที | F28: ● ใช้เวลา 21-60 นาที | G28: ● ใช้เวลา 10-20 นาที | H28: ● ใช้เวลาน้อยกว่า 10 นาที | K28: 3 | N28: =SUM(I26:M28)/3 -> 2
B29: ระบบการดึงงาน (Pull System) | C29: 25) การใช้ Kanban | D29: ● ไม่มีการใช้ Kanban | E29: ● มีการใช้ระบบ Kanban บางผลิตภัณฑ์หลัก | F29: ● มีการใช้ระบบ Kanban ทุกผลิตภัณฑ์หลัก | G29: ● มีการใช้ระบบ Kanban ทุกผลิตภัณฑ์หลัก สามารถลด Kanban ลงได้ | H29: ● มีข้อ 4 ● และสามารถคำนวณ Stock dayได้น้อยกว่า 2 วัน | I29: 1
C30: 26) เป้าหมายการทำงาน | D30: ● ในสายการผลิตไม่มีการกำหนดเป้าหมายจำนวนงานที่ผลิตได้ในแต่ละชั่วโมง เป้าหมายต่อกะ และที่ผลิตได้จริง | E30: ● จากข้อ 1 มีการบันทึกในกระดาษ | F30: ● จากข้อ 1 มีการบันทึกในกระดานหรือบอร์ด LED | G30: ● จากข้อ 3 ผลิตได้จริงไม่ได้ตามเป้าหมาย | H30: ● จากข้อ 3 ผลิตได้จริงได้ตามเป้าหมายและมีการปรับปรุงอย่างต่อเนื่อง | J30: 2 | N30: =SUM(I29:M30)/2 -> 1.5
C31: 28) ประสิทธิภาพในกระบวนการผลิตสินค้าหลัก | D31: ● ประสิทธิภาพกระบวนการผลิตได้น้อยกว่า 50% | E31: ● ประสิทธิภาพกระบวนการผลิตได้ 50 - 70% | F31: ● ประสิทธิภาพกระบวนการผลิตได้ 71 - 90% | G31: ● ประสิทธิภาพกระบวนการผลิตได้ 91 - 95% | H31: ● ประสิทธิภาพกระบวนการผลิตได้ 95% | J31: 2 | N31: =SUM(I31:M31) -> 2
B32: บุคลากร/การบริหารหน้างาน | C32: 29) ทักษะการทำงาน SKILL Matrix | D32: ● ไม่มีการทำ Skill Matrix | E32: ● มีการจัดทำ Skills Matrix สำหรับพนักงานหน้างาน บางตำแหน่ง | F32: ● มีการจัดทำ Skills Matrix สำหรับพนักงานหน้างาน บางตำแหน่ง '● และมีแผนการพัฒนาพนักงานแต่ละคน บางตำแหน่ง | G32: ● มีการจัดทำ Skills Matrix สำหรับพนักงานหน้างาน ทุกตำแหน่ง '● และมีแผนการพัฒนาพนักงานแต่ละคน บางตำแหน่ง | H32: ● จัดทำ Skills Matrix ครบทุกคน 100%. ● มีการประเมินทักษะครบ 100% ทุกตำแหน่ง ● มีการพัฒนาส่งเสริมการพัฒนาทักษะอย่างต่อเนื่อง ● ผลตอบแทนมีความสัมพันธ์กับทักษะที่เพิ่มขึ้น | I32: 1
C33: 30) โครงสร้างตำแหน่ง | D33: ● ไมมีโครงสร้างตำแหน่งหน้าที่ | E33: ● มีโครงสร้างการพัฒนาสำหรับผู้จัดการ | F33: ● ระบบการพัฒนาความก้าวหน้าในอาชีพมีพื้นฐานจากแผนความสามารถเชิงสมรรถนะและบทบาทหน้าที่ของพนักงาน ● แผน 3 ปีในการพัฒนาความก้าวหน้าในอาชีพ | G33: ● พนักงานแต่ละคนในแต่ละปีมีการพัฒนาความสามารถเชิงสมรรถนะ โอกาสในการพัฒนา และสิ่งที่พนักงานคาดหวัง | H33: ● ทุกปีมีการวิเคราะห์การพัฒนาความก้าวหน้าในอาชีพของแต่ละคน ● พนักงานทุกคนมีโอกาสที่จะเปลี่ยนตำแหน่งหน้าที่ทุกๆ 5 ปี | J33: 2 | N33: =SUM(I32:M33)/2 -> 1.5

Sheet สรุป
B1: แบบประเมินองค์กรสำหรับการผลิตแบบลีน
B2: หัวข้อ | C2: ก่อน
B3: 1. นโยบายและการสื่อสารนโยบาย (Communication and Cultural Awareness) | C3: =หัวข้อประเมิน!N9 -> 2
B4: 2. คุณค่า Value | C4: =หัวข้อประเมิน!N11 -> 5
B5: 3.การควบคุมด้วยการมอง(5S,VC)และการจัดการสถานที่ทำงาน | C5: =หัวข้อประเมิน!N13 -> 2.5
B6: 4.มาตรฐานในการทำงาน (Standard Work) | C6: =หัวข้อประเมิน!N16 -> 1.3333333
B7: 5.การปรับปรุงอย่างต่อเนื่อง (Continuous Improvement) | C7: =หัวข้อประเมิน!N19 -> 1.3333333
B8: 6.ความยืดหยุ่นของกระบวนการ (Operational Flexibility) | C8: =หัวข้อประเมิน!N22 -> 2.6666667
B9: 7.การป้องกันความผิดพลาด (Mistake Proofing/Poka-Yoke) | C9: =หัวข้อประเมิน!N23 -> 4
B10: 8.การบำรุงรักษาแบบครบวงจร (TPM, Total Productive Maintenance) | C10: =หัวข้อประเมิน!N25 -> 2.5
B11: 9.การปรับแต่งที่รวดเร็ว (SMED/Quick Changeover) | C11: =หัวข้อประเมิน!N28 -> 2
B12: 10.ระบบการดึงงาน (Pull System) | C12: =หัวข้อประเมิน!N30 -> 1.5
B13: 11.การผลิตที่สมดุล Balanced Production | C13: =หัวข้อประเมิน!N31 -> 2
B14: 12.บุคลากร/การบริหารหน้างาน | C14: =หัวข้อประเมิน!N33 -> 1.5
C15: =AVERAGE(C3:C14) -> 2.3611111
